Title,Company,Link
"Software Engineer, Node.JS",Docler Holding,https://stackoverflow.com//jobs/434318/software-engineer-nodejs-docler-holding
Software Engineer,Bulb Energy,https://stackoverflow.com//jobs/435309/software-engineer-bulb-energy
Backend Developer (Node),Cosuno,https://stackoverflow.com//jobs/474169/backend-developer-node-cosuno
Back End Developer,Yogaia,https://stackoverflow.com//jobs/489711/back-end-developer-yogaia
Senior Backend Engineer (Ad Tech Team),Mediavine,https://stackoverflow.com//jobs/466477/senior-backend-engineer-ad-tech-team-mediavine
Digital-Senior Software/Lead Engineer-System Infra,FactSet,https://stackoverflow.com//jobs/461321/digital-senior-software-lead-engineer-system-infra-factset
Full Stack Javascript Developer,Matrak,https://stackoverflow.com//jobs/491616/full-stack-javascript-developer-matrak
Fullstack Engineer,Roon Labs LLC,https://stackoverflow.com//jobs/393281/fullstack-engineer-roon-labs-llc
Fullstack Engineer,Itemize,https://stackoverflow.com//jobs/489609/fullstack-engineer-itemize
[All level] NodeJS Developer,[All level] NodeJS DeveloperviaTopDev,https://stackoverflow.com//jobs/492898/all-level-nodejs-developer-all-level-nodejs-developer
Senior Full-Stack Engineer (Vue/Node),Wisely,https://stackoverflow.com//jobs/405895/senior-full-stack-engineer-vue-node-wisely
Software Engineer (Node.js),Mahisoft Inc,https://stackoverflow.com//jobs/488074/software-engineer-nodejs-mahisoft-inc
Node.js Software Engineer,Exzeo,https://stackoverflow.com//jobs/445482/nodejs-software-engineer-exzeo
Full-stack Javascript Developer (React.js/Node.js),Imaginary Cloud,https://stackoverflow.com//jobs/497066/full-stack-javascript-developer-reactjs-nodejs-imaginary-cloud
(Senior) Backend Software Engineer (Node.js) (m/f/d),Limehome GmbH,https://stackoverflow.com//jobs/424355/senior-backend-software-engineer-nodejs-m-f-limehome-gmbh
Senior Backend Engineer - NodeJS,Choco,https://stackoverflow.com//jobs/456734/senior-backend-engineer-nodejs-choco
"Senior Software Engineer - React, Node",Andela,https://stackoverflow.com//jobs/497033/senior-software-engineer-react-node-andela
Node.js Backend Software Engineer - (f/m/d),zooplus AG,https://stackoverflow.com//jobs/495958/nodejs-backend-software-engineer-f-m-d-zooplus-ag
Backend Node.js Javascript Engineer,Breezy HR,https://stackoverflow.com//jobs/492298/backend-nodejs-javascript-engineer-breezy-hr
Node.js Gosu,reppa.net GmbH,https://stackoverflow.com//jobs/468523/nodejs-gosu-reppanet-gmbh
Remote Software Developer (NodeJS/React/TypeScript),Smartly.io,https://stackoverflow.com//jobs/465582/remote-software-developer-nodejs-react-smartlyio
Team Lead / Senior Nodejs Developer,springbig inc.,https://stackoverflow.com//jobs/462714/team-lead-senior-nodejs-developer-springbig-inc
"Software Developer (NodeJS, React)",Alcumus,https://stackoverflow.com//jobs/458258/software-developer-nodejs-react-alcumus
"Full Stack Software Engineer (Node.js, JavaScript) - Open to Remote",Olive AI,https://stackoverflow.com//jobs/498113/full-stack-software-engineer-nodejs-olive-ai
Node.js Backend Engineer (m/f/d),lengoo,https://stackoverflow.com//jobs/483482/nodejs-backend-engineer-m-f-d-lengoo
Remote Contract Node Developer,G2i Inc.,https://weworkremotely.com//remote-jobs/g2i-inc-remote-contract-node-developer
Backend Engineer that loves Node/TypeScript/GraphQL to help build our API,Chalkboard,https://weworkremotely.com//remote-jobs/chalkboard-backend-engineer-that-loves-node-typescript-graphql-to-help-build-our-api
"Senior Full Stack Software Engineer â€“ Node.js, AWS, JavaScript",Binary Star,https://weworkremotely.com//remote-jobs/binary-star-senior-full-stack-software-engineer-node-js-aws-javascript
Senior Web Developer (Node/ReactJS),komoot,https://weworkremotely.com//remote-jobs/komoot-senior-web-developer-node-reactjs
Full Stack Developer React.js or Angular + Node.js,Soshace,https://weworkremotely.com//remote-jobs/soshace-full-stack-developer-react-js-or-angular-node-js-1
Node.js Engineer (with a top Remote-first company),Demio,https://weworkremotely.com//remote-jobs/demio-node-js-engineer-with-a-top-remote-first-company
Node JS Engineer @ CartKit,CartKit,https://weworkremotely.com//remote-jobs/cartkit-node-js-engineer-cartkit
"Senior Software Engineer - Elixir / Node / Ruby (Team Lead, Remote)",Equisolve,https://weworkremotely.com//remote-jobs/equisolve-senior-software-engineer-elixir-node-ruby-team-lead-remote
"Back End Developer (RoR, Node)",Half Helix ,https://weworkremotely.com//remote-jobs/half-helix-back-end-developer-ror-node
Senior Web Developer (Node/ReactJS),komoot,https://weworkremotely.com//remote-jobs/komoot-senior-web-developer-node-reactjs-1
CTO & Lead Developer Node.js React & potential cofounder,Combined,https://weworkremotely.com//remote-jobs/combined-cto-lead-developer-node-js-react-potential-cofounder
Node.js Engineer,"Oddball, Inc.",https://weworkremotely.com//remote-jobs/oddball-inc-node-js-engineer
"Senior Full-Stack (PHP, Node, React) Engineer",X-Team,https://weworkremotely.com//remote-jobs/x-team-senior-full-stack-php-node-react-engineer
Full-Stack Engineer (Node & React),Cohabs,https://weworkremotely.com//remote-jobs/cohabs-full-stack-engineer-node-react
"Architect ( React, Node, AWS ) ",Modus Create Inc.,https://weworkremotely.com//remote-jobs/modus-create-inc-architect-react-node-aws
Senior Node.js Developer,NearForm,https://weworkremotely.com//remote-jobs/nearform-senior-node-js-developer
Back End Engineer - NodeJS,Hopin,https://weworkremotely.com//remote-jobs/hopin-back-end-engineer-nodejs-1
Backend Developer,Remotesome,https://remoteok.io/remote-jobs/101716-remote-backend-developer-remotesome
Full Stack Engineer,Cohabs,https://remoteok.io/remote-jobs/101493-remote-full-stack-engineer-cohabs
React Native developer,FounderTribes,https://remoteok.io/remote-jobs/101381-remote-react-native-developer-foundertribes
Senior Full Stack JS Engineer,Tribe,https://remoteok.io/remote-jobs/100907-remote-senior-full-stack-js-engineer-tribe
Full Stack Developer,Shipa Freight,https://remoteok.io/remote-jobs/101195-remote-full-stack-developer-shipa-freight
Product Designer,Cogsy,https://remoteok.io/remote-jobs/100041-remote-product-designer-cogsy
Full Stack Developer,GlassDollar,https://remoteok.io/remote-jobs/99954-remote-full-stack-developer-glassdollar
Senior Web Developer,komoot,https://remoteok.io/remote-jobs/99900-remote-senior-web-developer-komoot
Backend Engineer,Aster ,https://remoteok.io/remote-jobs/99597-remote-backend-engineer-aster
ReactJS Developer,komoot,https://remoteok.io/remote-jobs/99806-remote-reactjs-developer-komoot
Software Engineer,Learning Tapestry,https://remoteok.io/remote-jobs/99790-remote-software-engineer-learning-tapestry
Software Development Lead,Funnelytics,https://remoteok.io/remote-jobs/99766-remote-software-development-lead-funnelytics
React Native Developer,Mozn,https://remoteok.io/remote-jobs/99366-remote-react-native-developer-mozn
Lead back end developer,Simpleweb,https://remoteok.io/remote-jobs/99178-remote-lead-back-end-developer-simpleweb
Node JS Developer,Savvy Apps,https://remoteok.io/remote-jobs/98874-remote-node-js-developer-savvy-apps
Senior Fullstack Engineer,Base,https://remoteok.io/remote-jobs/98847-remote-senior-fullstack-engineer-base
Principal Architect,Modal,https://remoteok.io/remote-jobs/97019-remote-principal-architect-modal
React Native Developer,Mozn ,https://remoteok.io/remote-jobs/97918-remote-react-native-developer-mozn
Mid Level Software Engineer,InvestorFuse,https://remoteok.io/remote-jobs/97012-remote-mid-level-software-engineer-investorfuse
Senior Mobile Engineer,Cohabs,https://remoteok.io/remote-jobs/96886-remote-senior-mobile-engineer-cohabs
Senior Software Engineer,Vamstar,https://remoteok.io/remote-jobs/86896-remote-senior-software-engineer-vamstar
Lead Engineer,Modal,https://remoteok.io/remote-jobs/86779-remote-lead-engineer-modal
Front end Developer,InReach Ventures,https://remoteok.io/remote-jobs/84870-remote-front-end-developer-inreach-ventures
Full Stack Developer,Uprise,https://remoteok.io/remote-jobs/84843-remote-full-stack-developer-uprise
Senior Full Stack Developer,Bitbond,https://remoteok.io/remote-jobs/84641-remote-senior-full-stack-developer-bitbond
Full Stack React Node.js Engineer,Digalyze,https://remoteok.io/remote-jobs/84502-remote-full-stack-react-node-js-engineer-digalyze
JavaScript Developer,RemoteLeads,https://remoteok.io/remote-jobs/84253-remote-javascript-developer-remoteleads
Lead Developer,Professional Insight,https://remoteok.io/remote-jobs/84193-remote-lead-developer-professional-insight
Node.js Developer,Savvy Apps,https://remoteok.io/remote-jobs/83994-remote-node-js-developer-savvy-apps
Senior full stack engineer,Cohabs,https://remoteok.io/remote-jobs/83262-remote-senior-full-stack-engineer-cohabs
Javascript Engineer,Moneyhub,https://remoteok.io/remote-jobs/77359-remote-javascript-engineer-moneyhub
JavaScript Developer,Savvy Apps,https://remoteok.io/remote-jobs/76636-remote-javascript-developer-savvy-apps
React Node developer,CodeCubed,https://remoteok.io/remote-jobs/76524-remote-react-node-developer-codecubed
Full Stack Developer React Node,Moveli,https://remoteok.io/remote-jobs/76368-remote-full-stack-developer-react-node-moveli
Javascript React Node Developer,"2UP Technology, Inc",https://remoteok.io/remote-jobs/76267-remote-javascript-react-node-developer-2up-technology-inc
Front end React Angular developer,Soshace,https://remoteok.io/remote-jobs/76149-remote-front-end-react-angular-developer-soshace
Senior Front End Developer,Filestage,https://remoteok.io/remote-jobs/75993-remote-senior-front-end-developer-filestage
Full stack JS Developer,Obby,https://remoteok.io/remote-jobs/75911-remote-full-stack-js-developer-obby
Full Stack Developer Fully Startup,Specula.io,https://remoteok.io/remote-jobs/75688-remote-sr-full-stack-developer-node-vue-typescript-python-sql-elastic-fully-remote-startup-specula-io
Technical Lead,Tigerspike,https://remoteok.io/remote-jobs/74797-remote-technical-lead-tigerspike
Software Engineer Backend,Beautiful.ai,https://remoteok.io/remote-jobs/74783-remote-software-engineer-backend-beautiful-ai
Front end developer with React Angular2,Soshace,https://remoteok.io/remote-jobs/74583-remote-front-end-developer-with-react-or-angular2-soshace
Full Stack JS Developer,Obby,https://remoteok.io/remote-jobs/74559-remote-remote-full-stack-js-developer-obby
JavaScript developer,Paperpile,https://remoteok.io/remote-jobs/74323-remote-javascript-node-js-react-developer-paperpile
React Angular Front end Developer,Soshace,https://remoteok.io/remote-jobs/73765-remote-react-angular-front-end-developer-soshace
Senior Node JS Developer,Joyn,https://remoteok.io/remote-jobs/73629-remote-senior-node-js-developer-joyn
Senior Software Engineer,Forager Logistics,https://remoteok.io/remote-jobs/73073-remote-senior-software-engineer-forager-logistics
Full Stack Developer Node React,Clevertech,https://remoteok.io/remote-jobs/72827-remote-sr-full-stack-developer-node-react-clevertech
Full Stack Developer React.js React Native,Jupiter,https://remoteok.io/remote-jobs/72494-remote-full-stack-developer-react-js-react-native-jupiter
Frontend Full stack developer,Uprise,https://remoteok.io/remote-jobs/72086-remote-frontend-or-full-stack-developer-uprise
Front End Developer,Carb Manager,https://remoteok.io/remote-jobs/71855-remote-front-end-developer-carb-manager
Front end JavaScript Developer with React Vue Angular,Soshace,https://remoteok.io/remote-jobs/71563-remote-front-end-javascript-developer-with-react-vue-or-angular-soshace
Senior Full Stack Engineer,Stackbit,https://remoteok.io/remote-jobs/71540-remote-senior-full-stack-engineer-stackbit
Lead Engineer,Fuigo,https://remoteok.io/remote-jobs/71436-remote-lead-engineer-fuigo
Senior Javascript Engineer,Sandbox VR,https://remoteok.io/remote-jobs/71347-remote-senior-javascript-engineer-fullstack-sandbox-vr
Javascript Full Stack Developer,Clevertech,https://remoteok.io/remote-jobs/71154-remote-javascript-full-stack-developer-clevertech
Senior Platform Engineer,Alacrity Law,https://remoteok.io/remote-jobs/70942-remote-senior-platform-engineer-alacrity-law
Software Engineer Work,Crossover,https://remoteok.io/remote-jobs/70909-remote-software-engineer-30k-year-remote-work-crossover
Software Architect Work,Crossover,https://remoteok.io/remote-jobs/70907-remote-software-architect-60k-year-remote-work-crossover
Chief Software Architect Work,Crossover,https://remoteok.io/remote-jobs/70905-remote-chief-software-architect-100k-year-remote-work-crossover
Full stack JavaScript developer,Soshace,https://remoteok.io/remote-jobs/70901-remote-full-stack-javascript-developer-soshace
Backend Developer,Sketch,https://remoteok.io/remote-jobs/70864-remote-backend-developer-sketch
Senior Platform Engineer,Alacrity Law,https://remoteok.io/remote-jobs/70698-remote-senior-platform-engineer-alacrity-law
Senior Platform Engineer,Alacrity Law,https://remoteok.io/remote-jobs/70426-remote-senior-platform-engineer-alacrity-law
Senior Node.js React Developer,HigherEducation,https://remoteok.io/remote-jobs/70387-remote-senior-node-js-react-developer-highereducation
JavaScript developer,Paperpile,https://remoteok.io/remote-jobs/70192-remote-javascript-node-js-react-developer-paperpile
Javascript Chief Software Architect,Crossover,https://remoteok.io/remote-jobs/70063-remote-javascript-chief-software-architect-100k-year-crossover
Senior Product Engineer,Segment,https://remoteok.io/remote-jobs/69908-remote-senior-product-engineer-segment
Front end JavaScript Developer,Soshace,https://remoteok.io/remote-jobs/69821-remote-front-end-javascript-developer-soshace
Senior Javascript Software Engineer,Medmain Inc.,https://remoteok.io/remote-jobs/68467-remote-senior-javascript-software-engineer-medmain-inc-
Javascript Full Stack Engineer,Clevertech,https://remoteok.io/remote-jobs/67490-remote-javascript-full-stack-engineer-clevertech
Senior Node.js React Developer,HigherEducation,https://remoteok.io/remote-jobs/67073-remote-senior-node-js-react-developer-highereducation
Fullstack Software Engineer,Brain.fm,https://remoteok.io/remote-jobs/66884-remote-fullstack-software-engineer-brain-fm
Senior Software Engineer,Alacrity Law,https://remoteok.io/remote-jobs/66870-remote-senior-software-engineer-remote-alacrity-law
DevOps Engineer,Knack,https://remoteok.io/remote-jobs/66750-remote-devops-engineer-knack
Technical Product Lead,Clevertech,https://remoteok.io/remote-jobs/66522-remote-technical-product-lead-clevertech
Blockchain Engineer,Clevertech,https://remoteok.io/remote-jobs/65504-remote-blockchain-engineer-clevertech
